Rk,School,Conf,W,L,Pts,Opp,MOV,SOS,OSRS,DSRS,SRS,ORtg,DRtg,NRtg,season,TeamID,TeamName_x,FirstD1Season,LastD1Season,crefName,Season,TeamName_y,538rating
1,Villanova,Big East,35,5,78.0,63.6,14.38,9.71,9.92,14.17,24.08,122.35,86.03,36.33,2016,1437,Villanova,1985,2023,Villanova,2016,Villanova,91.29
2,Kansas,Big 12,33,5,81.3,67.6,13.66,11.22,14.28,9.59,23.87,121.72,86.77,34.95,2016,1242,Kansas,1985,2023,Kansas,2016,Kansas,94.46
3,North Carolina,ACC,33,7,82.8,70.0,12.75,10.69,16.74,6.70,23.44,123.72,89.33,34.39,2016,1314,North Carolina,1985,2023,North Carolina,2016,North Carolina,93.94
4,Michigan State,Big Ten,29,6,79.8,64.1,15.66,6.94,12.25,10.34,22.59,123.30,89.06,34.24,2016,1277,Michigan St,1985,2023,Michigan State,2016,Michigan State,91.84
5,Virginia,ACC,29,8,71.0,60.1,10.92,11.12,4.12,17.92,22.04,122.22,87.24,34.97,2016,1438,Virginia,1985,2023,Virginia,2016,Virginia,92.46
6,West Virginia,Big 12,26,9,78.5,66.7,11.83,9.78,10.88,10.73,21.61,116.24,85.43,30.81,2016,1452,West Virginia,1985,2023,West Virginia,2016,West Virginia,89.3
8,Kentucky,SEC,27,9,79.5,68.1,11.39,8.84,11.92,8.31,20.23,121.51,91.18,30.32,2016,1246,Kentucky,1985,2023,Kentucky,2016,Kentucky,90.69
9,Purdue,Big Ten,26,9,77.9,65.2,12.71,7.46,10.01,10.16,20.17,117.20,86.85,30.35,2016,1345,Purdue,1985,2023,Purdue,2016,Purdue,88.68
10,Oklahoma,Big 12,29,8,79.7,71.1,8.62,11.14,12.91,6.85,19.76,117.93,89.54,28.39,2016,1328,Oklahoma,1985,2023,Oklahoma,2016,Oklahoma,89.96
11,Indiana,Big Ten,27,8,82.6,69.9,12.69,6.90,13.68,5.91,19.59,123.27,93.87,29.39,2016,1231,Indiana,1985,2023,Indiana,2016,Indiana,87.36
12,Duke,ACC,25,11,81.1,72.5,8.64,10.59,13.71,5.52,19.23,122.67,94.40,28.27,2016,1181,Duke,1985,2023,Duke,2016,Duke,87.33
13,Arizona,Pac-12,25,9,80.4,68.9,11.56,7.23,10.88,7.90,18.79,117.35,89.84,27.51,2016,1112,Arizona,1985,2023,Arizona,2016,Arizona,89.04
14,Xavier,Big East,28,6,80.5,70.4,10.15,8.43,12.97,5.60,18.58,116.92,89.75,27.18,2016,1462,Xavier,1985,2023,Xavier,2016,Xavier,87.73
15,Miami (FL),ACC,27,8,75.2,67.4,7.83,10.69,8.72,9.80,18.52,119.68,91.95,27.73,2016,1274,Miami FL,1986,2023,Miami (FL),2016,Miami (FL),87.05
16,Texas A&M,SEC,28,9,76.4,66.4,10.00,8.45,7.66,10.80,18.45,114.22,87.35,26.87,2016,1401,Texas A&M,1985,2023,Texas A&M,2016,Texas A&M,86.82
18,Oregon,Pac-12,31,7,78.7,68.8,9.89,8.64,10.14,7.91,18.05,118.31,91.71,26.59,2016,1332,Oregon,1985,2023,Oregon,2016,Oregon,88.0
19,Wichita State,MVC,26,9,72.4,59.0,13.40,4.24,4.00,13.39,17.39,111.86,85.51,26.35,2016,1455,Wichita St,1985,2023,Wichita State,2016,Wichita State,86.59
20,Vanderbilt,SEC,19,14,75.9,67.4,8.52,8.68,7.45,9.75,17.20,114.58,89.32,25.26,2016,1435,Vanderbilt,1985,2023,Vanderbilt,2016,Vanderbilt,85.59
21,Iowa,Big Ten,22,11,77.6,69.3,8.30,8.71,9.80,7.21,17.01,116.29,91.08,25.21,2016,1234,Iowa,1985,2023,Iowa,2016,Iowa,85.91
22,Iowa State,Big 12,23,12,81.8,75.0,6.77,10.16,15.69,1.24,16.93,120.73,95.90,24.83,2016,1235,Iowa St,1985,2023,Iowa State,2016,Iowa State,86.5
23,Gonzaga,WCC,28,8,78.9,65.6,13.33,4.23,8.08,8.84,16.92,117.39,92.06,25.33,2016,1211,Gonzaga,1985,2023,Gonzaga,2016,Gonzaga,85.96
24,Maryland,Big Ten,27,9,75.7,66.7,9.03,8.31,7.96,8.76,16.71,117.32,91.83,25.49,2016,1268,Maryland,1985,2023,Maryland,2016,Maryland,87.37
25,Butler,Big East,22,11,79.9,71.0,8.91,7.55,11.28,5.18,16.46,117.84,94.72,23.11,2016,1139,Butler,1985,2023,Butler,2016,Butler,84.17
26,Baylor,Big 12,22,12,77.1,69.6,7.50,9.76,9.63,6.50,16.13,119.52,95.20,24.32,2016,1124,Baylor,1985,2023,Baylor,2016,Baylor,85.47
27,Connecticut,AAC,25,11,73.1,63.5,9.61,6.28,4.41,11.48,15.89,112.48,88.40,24.08,2016,1163,Connecticut,1985,2023,Connecticut,2016,Connecticut,85.32
28,Utah,Pac-12,27,9,77.2,69.5,7.67,8.79,7.81,7.69,15.50,116.79,94.23,22.55,2016,1428,Utah,1985,2023,Utah,2016,Utah,86.64
29,Pittsburgh,ACC,21,12,75.0,67.3,7.76,8.75,6.32,9.15,15.47,115.81,92.54,23.28,2016,1338,Pittsburgh,1985,2023,Pittsburgh,2016,Pittsburgh,82.29
30,California,Pac-12,23,11,74.9,67.3,7.53,7.87,6.56,8.84,15.39,112.14,89.00,23.14,2016,1143,California,1985,2023,California,2016,California,85.62
31,Cincinnati,AAC,22,11,73.3,63.3,9.94,5.25,4.15,11.04,15.19,112.05,89.50,22.55,2016,1153,Cincinnati,1985,2023,Cincinnati,2016,Cincinnati,83.7
32,Texas,Big 12,20,13,71.4,68.3,3.09,11.71,4.13,10.67,14.80,113.41,91.29,22.12,2016,1400,Texas,1985,2023,Texas,2016,Texas,84.66
34,Seton Hall,Big East,25,9,74.2,67.8,6.38,8.28,6.27,8.39,14.66,110.16,88.27,21.89,2016,1371,Seton Hall,1985,2023,Seton Hall,2016,Seton Hall,84.46
35,Syracuse,ACC,23,14,70.0,65.1,4.86,9.75,2.69,11.93,14.62,112.35,89.41,22.94,2016,1393,Syracuse,1985,2023,Syracuse,2016,Syracuse,82.69
36,Notre Dame,ACC,24,12,75.1,70.6,4.53,9.57,7.63,6.47,14.10,120.15,98.68,21.47,2016,1323,Notre Dame,1985,2023,Notre Dame,2016,Notre Dame,84.36
37,Virginia Commonwealth,A-10,25,11,77.3,67.8,9.47,4.35,7.19,6.64,13.83,111.68,90.61,21.08,2016,1433,VCU,1985,2023,Virginia Commonwealth,2016,Virginia Commonwealth,83.05
38,Michigan,Big Ten,23,13,73.8,67.4,6.39,7.92,5.59,8.15,13.75,116.93,95.27,21.67,2016,1276,Michigan,1985,2023,Michigan,2016,Michigan,79.57
41,Southern California,Pac-12,21,13,80.5,74.6,5.88,7.64,11.43,2.10,13.52,114.09,94.38,19.71,2016,1425,USC,1985,2023,Southern California,2016,Southern California,81.4
42,Wisconsin,Big Ten,22,13,67.8,63.8,4.00,9.40,-0.13,13.53,13.40,110.69,89.70,20.99,2016,1458,Wisconsin,1985,2023,Wisconsin,2016,Wisconsin,84.75
44,Texas Tech,Big 12,19,13,72.0,69.9,2.16,10.25,5.06,7.35,12.41,113.17,94.37,18.81,2016,1403,Texas Tech,1985,2023,Texas Tech,2016,Texas Tech,81.27
48,Saint Joseph's,A-10,28,8,77.2,70.1,7.17,4.93,8.31,3.78,12.10,112.75,94.37,18.38,2016,1386,St Joseph's PA,1985,2023,Saint Joseph's,2016,Saint Joseph's,81.61
49,Colorado,Pac-12,22,12,75.8,70.8,4.97,7.64,4.93,7.10,12.04,109.16,91.27,17.89,2016,1160,Colorado,1985,2023,Colorado,2016,Colorado,81.46
52,Providence,Big East,24,11,73.6,70.1,3.49,8.46,5.04,6.90,11.94,109.39,91.16,18.23,2016,1344,Providence,1985,2023,Providence,2016,Providence,82.48
55,Dayton,A-10,25,8,72.5,65.9,6.58,4.76,2.28,9.06,11.34,107.06,89.62,17.45,2016,1173,Dayton,1985,2023,Dayton,2016,Dayton,82.37
59,Oregon State,Pac-12,19,13,71.9,70.1,1.78,9.26,3.46,6.93,10.39,110.36,94.67,15.70,2016,1333,Oregon St,1985,2023,Oregon State,2016,Oregon State,77.63
67,Tulsa,AAC,20,12,73.6,69.6,4.03,5.76,5.00,4.79,9.79,110.28,94.85,15.43,2016,1409,Tulsa,1985,2023,Tulsa,2016,Tulsa,79.93
70,Stephen F. Austin,Southland,28,6,80.2,63.3,16.91,-5.47,2.91,6.32,9.23,110.10,95.00,15.10,2016,1372,SF Austin,1987,2023,Stephen F. Austin,2016,Stephen F. Austin,80.98
71,Yale,Ivy,23,7,74.9,63.8,11.13,-1.03,0.55,8.53,9.08,107.91,92.95,14.95,2016,1463,Yale,1985,2023,Yale,2016,Yale,80.2
72,Hawaii,Big West,28,6,77.1,66.7,10.38,-1.04,4.61,4.42,9.03,107.63,93.57,14.06,2016,1218,Hawaii,1985,2023,Hawaii,2016,Hawaii,78.02
75,Northern Iowa,MVC,23,13,68.8,64.0,4.78,4.44,-1.06,9.84,8.78,110.18,95.86,14.32,2016,1320,Northern Iowa,1985,2023,Northern Iowa,2016,Northern Iowa,80.24
84,Temple,AAC,21,12,68.7,67.6,1.12,6.57,0.52,7.17,7.69,106.88,94.37,12.51,2016,1396,Temple,1985,2023,Temple,2016,Temple,78.48
90,Little Rock,Sun Belt,30,5,71.1,60.8,10.23,-1.76,-3.25,10.37,7.12,107.20,94.35,12.85,2016,1114,Ark Little Rock,1985,2023,Little Rock,2016,Arkansas-Little Rock,78.9
93,UNC Wilmington,CAA,25,8,79.4,72.1,7.30,0.35,6.31,-0.06,6.25,108.31,98.80,9.51,2016,1423,UNC Wilmington,1985,2023,UNC Wilmington,2016,North Carolina-Wilmington,77.72
100,South Dakota State,Summit,26,8,76.2,68.1,8.09,-1.22,3.72,1.71,5.44,108.99,99.62,9.37,2016,1355,S Dakota St,2006,2023,South Dakota State,2016,South Dakota State,78.64
103,Fresno State,MWC,25,10,75.1,70.7,4.43,2.24,3.14,2.13,5.27,106.16,97.44,8.72,2016,1201,Fresno St,1985,2023,Fresno State,2016,Fresno State,76.61
112,Stony Brook,AEC,26,7,76.2,64.1,12.12,-5.28,-1.06,4.81,3.75,104.59,97.00,7.58,2016,1392,Stony Brook,2000,2023,Stony Brook,2016,Stony Brook,77.09
113,Iona,MAAC,22,11,79.6,74.3,5.36,-1.78,6.73,-3.15,3.59,107.97,101.50,6.47,2016,1233,Iona,1985,2023,Iona,2016,Iona,78.22
118,Chattanooga,Southern,29,6,75.8,67.5,8.23,-3.46,-0.54,3.78,3.24,105.51,99.23,6.28,2016,1151,Chattanooga,1985,2023,Chattanooga,2016,Chattanooga,76.6
125,Middle Tennessee,CUSA,25,10,72.5,68.9,3.69,-0.70,-1.76,4.42,2.66,103.01,97.87,5.14,2016,1292,MTSU,1985,2023,Middle Tennessee,2016,Middle Tennessee,75.02
127,Cal State Bakersfield,WAC,24,9,72.9,63.8,9.12,-5.15,-2.09,4.67,2.58,101.53,95.96,5.57,2016,1167,CS Bakersfield,2008,2023,Cal State Bakersfield,2016,Cal State Bakersfield,74.97
138,Buffalo,MAC (East),20,15,77.4,75.3,2.14,0.90,4.50,-3.16,1.34,103.43,100.06,3.36,2016,1138,Buffalo,1992,2023,Buffalo,2016,Buffalo,75.66
140,Green Bay,Horizon,23,13,83.7,80.0,3.69,-0.67,10.71,-9.55,1.16,105.40,102.16,3.25,2016,1453,WI Green Bay,1985,2023,Green Bay,2016,Green Bay,76.18
141,UNC Asheville,Big South,22,12,75.1,68.0,7.03,-3.25,0.44,0.66,1.10,99.46,96.98,2.48,2016,1421,UNC Asheville,1987,2023,UNC Asheville,2016,North Carolina-Asheville,74.17
150,Weber State,Big Sky,26,9,76.1,67.0,9.09,-5.13,-2.48,2.66,0.18,101.53,99.59,1.93,2016,1451,Weber St,1985,2023,Weber State,2016,Weber State,73.28
169,Florida Gulf Coast,A-Sun,21,14,77.2,70.7,6.57,-3.82,-1.41,0.63,-0.79,101.04,100.51,0.53,2016,1195,FL Gulf Coast,2008,2023,Florida Gulf Coast,2016,Florida Gulf Coast,71.41
239,Austin Peay,OVC (West),18,18,76.1,76.8,-0.69,-2.98,-0.02,-6.02,-6.04,101.02,107.76,-6.74,2016,1122,Austin Peay,1985,2023,Austin Peay,2016,Austin Peay,68.83
256,Southern,SWAC,22,13,72.4,68.7,3.66,-9.37,-5.10,-2.58,-7.68,95.97,105.54,-9.57,2016,1380,Southern Univ,1985,2023,Southern,2016,Southern,67.96
269,Hampton,MEAC,21,11,73.8,74.1,-0.22,-8.45,-1.41,-7.34,-8.74,95.65,106.70,-11.05,2016,1214,Hampton,1996,2023,Hampton,2016,Hampton,68.61
292,Fairleigh Dickinson,NEC,18,15,77.5,78.8,-1.27,-8.31,1.37,-12.27,-10.90,99.82,113.27,-13.46,2016,1192,F Dickinson,1985,2023,Fairleigh Dickinson,2016,Fairleigh Dickinson,66.72
297,Holy Cross,Patriot,15,20,64.8,69.9,-5.09,-6.11,-11.03,-0.17,-11.20,93.40,108.37,-14.98,2016,1221,Holy Cross,1985,2023,Holy Cross,2016,Holy Cross,66.85
1,Gonzaga,WCC,37,2,82.6,61.5,21.13,4.13,12.79,12.47,25.26,119.23,82.51,36.71,2017,1211,Gonzaga,1985,2023,Gonzaga,2017,Gonzaga,93.71
2,North Carolina,ACC,33,7,84.4,70.6,13.83,11.76,16.92,7.91,24.84,122.33,86.92,35.41,2017,1314,North Carolina,1985,2023,North Carolina,2017,North Carolina,91.74
3,West Virginia,Big 12,28,9,81.5,66.7,14.78,9.67,14.63,9.83,24.45,118.49,84.37,34.12,2017,1452,West Virginia,1985,2023,West Virginia,2017,West Virginia,90.8
4,Kentucky,SEC,32,6,84.9,71.5,13.39,10.49,16.92,6.96,23.88,120.28,86.87,33.41,2017,1246,Kentucky,1985,2023,Kentucky,2017,Kentucky,92.28
5,Villanova,Big East,32,4,77.2,62.7,14.53,9.28,9.20,14.61,23.80,123.50,87.45,36.05,2017,1437,Villanova,1985,2023,Villanova,2017,Villanova,95.18
6,Kansas,Big 12,31,5,83.2,71.9,11.31,12.23,16.58,6.95,23.53,123.67,89.65,34.02,2017,1242,Kansas,1985,2023,Kansas,2017,Kansas,92.18
7,Louisville,ACC,25,9,77.3,66.0,11.32,11.15,10.35,12.13,22.47,118.44,85.52,32.93,2017,1257,Louisville,1985,2023,Louisville,2017,Louisville,90.8
8,Florida,SEC,27,9,77.9,66.5,11.39,11.01,11.36,11.04,22.40,117.61,85.10,32.51,2017,1196,Florida,1985,2023,Florida,2017,Florida,87.84
9,Duke,ACC,28,9,80.8,70.2,10.65,10.91,13.15,8.41,21.56,122.70,91.17,31.53,2017,1181,Duke,1985,2023,Duke,2017,Duke,92.26
10,Wichita State,MVC,31,5,81.0,62.4,18.61,2.96,10.67,10.57,21.24,117.30,86.44,30.85,2017,1455,Wichita St,1985,2023,Wichita State,2017,Wichita State,88.86
11,Oregon,Pac-12,33,6,78.9,65.8,13.10,8.38,9.52,11.29,20.80,118.40,88.20,30.20,2017,1332,Oregon,1985,2023,Oregon,2017,Oregon,87.3
12,UCLA,Pac-12,31,5,89.8,75.5,14.28,6.39,20.52,0.15,20.67,124.63,95.78,28.85,2017,1417,UCLA,1985,2023,UCLA,2017,UCLA,88.02
13,Virginia,ACC,23,11,66.1,56.4,9.71,10.93,-1.49,22.12,20.63,114.37,81.99,32.38,2017,1438,Virginia,1985,2023,Virginia,2017,Virginia,90.02
14,Iowa State,Big 12,24,11,80.8,72.3,8.57,11.94,12.54,7.97,20.51,119.92,90.84,29.09,2017,1235,Iowa St,1985,2023,Iowa State,2017,Iowa State,87.92
15,Purdue,Big Ten,27,8,79.7,68.4,11.34,8.79,11.54,8.59,20.13,118.48,88.85,29.63,2017,1345,Purdue,1985,2023,Purdue,2017,Purdue,88.61
16,Baylor,Big 12,27,8,72.9,63.7,9.20,11.87,4.89,14.86,19.75,117.81,87.95,29.86,2017,1124,Baylor,1985,2023,Baylor,2017,Baylor,87.66
17,Wisconsin,Big Ten,27,10,72.4,62.4,10.00,9.40,3.85,15.56,19.40,116.38,86.58,29.80,2017,1458,Wisconsin,1985,2023,Wisconsin,2017,Wisconsin,87.84
18,Oklahoma State,Big 12,20,13,85.7,78.5,7.24,12.22,19.23,-0.04,19.19,125.05,97.65,27.40,2017,1329,Oklahoma St,1985,2023,Oklahoma State,2017,Oklahoma State,84.71
19,Florida State,ACC,26,9,82.1,72.1,10.00,8.87,13.22,5.65,18.87,117.54,90.36,27.18,2017,1199,Florida St,1985,2023,Florida State,2017,Florida State,87.22
20,Michigan,Big Ten,26,12,75.0,66.4,8.63,10.17,7.68,11.13,18.80,123.68,94.53,29.14,2017,1276,Michigan,1985,2023,Michigan,2017,Michigan,86.86
21,Southern Methodist,AAC,30,5,74.3,60.0,14.26,4.45,5.83,12.88,18.71,120.93,90.91,30.02,2017,1374,SMU,1985,2023,Southern Methodist,2017,Southern Methodist,88.43
22,Cincinnati,AAC,30,6,74.3,61.3,12.94,5.49,4.50,13.94,18.43,116.04,88.07,27.97,2017,1153,Cincinnati,1985,2023,Cincinnati,2017,Cincinnati,87.35
23,Arizona,Pac-12,32,5,76.6,65.9,10.62,7.63,7.47,10.79,18.25,118.07,90.77,27.29,2017,1112,Arizona,1985,2023,Arizona,2017,Arizona,88.99
24,Notre Dame,ACC,26,10,77.3,69.3,8.03,9.78,10.00,7.81,17.81,119.69,93.01,26.68,2017,1323,Notre Dame,1985,2023,Notre Dame,2017,Notre Dame,86.68
25,Butler,Big East,25,9,76.3,68.9,7.47,10.23,8.45,9.25,17.70,119.19,92.47,26.71,2017,1139,Butler,1985,2023,Butler,2017,Butler,86.52
26,South Carolina,SEC,26,11,73.2,65.2,7.92,10.16,5.20,12.32,17.52,109.79,83.76,26.03,2017,1376,South Carolina,1985,2023,South Carolina,2017,South Carolina,83.08
27,Creighton,Big East,25,10,81.8,72.8,9.00,8.95,12.76,4.51,17.27,116.88,91.79,25.08,2017,1166,Creighton,1985,2023,Creighton,2017,Creighton,84.43
28,Saint Mary's (CA),WCC,29,5,72.0,57.5,14.56,2.19,1.09,15.66,16.75,119.63,91.48,28.15,2017,1388,St Mary's CA,1985,2023,Saint Mary's (CA),2017,Saint Mary's (CA),87.39
30,Marquette,Big East,19,13,82.2,75.6,6.66,8.60,14.48,0.78,15.26,122.04,99.18,22.86,2017,1266,Marquette,1985,2023,Marquette,2017,Marquette,83.01
31,Kansas State,Big 12,21,14,72.1,67.8,4.31,10.48,4.38,10.42,14.80,114.30,91.81,22.49,2017,1243,Kansas St,1985,2023,Kansas State,2017,Kansas State,83.08
32,Xavier,Big East,24,14,74.6,71.3,3.29,11.51,7.60,7.20,14.80,115.94,93.35,22.59,2017,1462,Xavier,1985,2023,Xavier,2017,Xavier,82.34
34,Minnesota,Big Ten,24,10,75.2,69.4,5.74,8.82,7.61,6.95,14.56,109.07,87.65,21.42,2017,1278,Minnesota,1985,2023,Minnesota,2017,Minnesota,81.23
35,Miami (FL),ACC,21,12,69.0,64.1,4.91,9.57,0.43,14.05,14.48,110.75,89.05,21.70,2017,1274,Miami FL,1986,2023,Miami (FL),2017,Miami (FL),84.56
36,Wake Forest,ACC,19,14,82.8,78.4,4.39,9.80,14.95,-0.76,14.19,120.96,100.01,20.94,2017,1448,Wake Forest,1985,2023,Wake Forest,2017,Wake Forest,82.96
38,Arkansas,SEC,26,10,79.3,73.9,5.44,8.60,10.56,3.48,14.04,116.19,95.76,20.43,2017,1116,Arkansas,1985,2023,Arkansas,2017,Arkansas,83.19
39,Northwestern,Big Ten,24,12,71.1,65.5,5.58,8.43,2.90,11.12,14.02,111.60,90.43,21.17,2017,1321,Northwestern,1985,2023,Northwestern,2017,Northwestern,82.6
41,Vanderbilt,SEC,19,16,71.1,68.1,2.97,10.72,3.95,9.75,13.69,113.82,92.70,21.11,2017,1435,Vanderbilt,1985,2023,Vanderbilt,2017,Vanderbilt,83.79
42,Michigan State,Big Ten,20,15,71.9,68.7,3.17,10.50,4.20,9.47,13.67,113.33,92.34,20.99,2017,1277,Michigan St,1985,2023,Michigan State,2017,Michigan State,82.79
44,Dayton,A-10,24,8,75.9,66.4,9.44,4.27,5.80,7.18,12.98,111.80,92.02,19.78,2017,1173,Dayton,1985,2023,Dayton,2017,Dayton,82.84
45,Rhode Island,A-10,25,10,73.6,65.4,8.26,4.62,3.78,9.10,12.88,111.77,91.83,19.94,2017,1348,Rhode Island,1985,2023,Rhode Island,2017,Rhode Island,84.02
46,Maryland,Big Ten,24,9,73.9,68.1,5.82,8.29,5.84,6.95,12.79,113.29,93.65,19.65,2017,1268,Maryland,1985,2023,Maryland,2017,Maryland,82.48
47,Virginia Tech,ACC,22,11,79.1,74.7,4.39,8.38,10.14,2.63,12.77,117.40,98.49,18.91,2017,1439,Virginia Tech,1985,2023,Virginia Tech,2017,Virginia Tech,80.02
50,Seton Hall,Big East,21,12,73.2,70.4,2.85,9.25,4.83,7.28,12.10,110.37,92.15,18.22,2017,1371,Seton Hall,1985,2023,Seton Hall,2017,Seton Hall,82.95
51,Virginia Commonwealth,A-10,26,9,74.7,66.9,7.80,3.77,5.67,5.90,11.57,109.80,91.91,17.89,2017,1433,VCU,1985,2023,Virginia Commonwealth,2017,Virginia Commonwealth,82.93
52,Southern California,Pac-12,26,10,78.2,73.1,5.08,6.40,8.07,3.41,11.48,114.63,96.98,17.65,2017,1425,USC,1985,2023,Southern California,2017,Southern California,81.18
56,Providence,Big East,20,13,70.3,66.9,3.39,7.84,1.51,9.73,11.24,108.83,91.63,17.20,2017,1344,Providence,1985,2023,Providence,2017,Providence,81.75
62,Nevada,MWC,28,7,79.8,71.3,8.46,2.03,8.93,1.56,10.49,113.89,98.08,15.81,2017,1305,Nevada,1985,2023,Nevada,2017,Nevada,80.73
67,Middle Tennessee,CUSA,31,5,74.9,63.9,11.06,-0.48,0.50,9.30,9.80,111.43,95.30,16.13,2017,1292,MTSU,1985,2023,Middle Tennessee,2017,Middle Tennessee,81.28
74,UNC Wilmington,CAA,29,6,84.8,75.0,9.80,-0.55,10.95,-2.89,8.06,116.75,103.88,12.88,2017,1423,UNC Wilmington,1985,2023,UNC Wilmington,2017,North Carolina-Wilmington,80.19
77,East Tennessee State,Southern,27,8,79.5,69.7,9.83,-2.11,4.41,2.91,7.31,106.66,95.47,11.19,2017,1190,ETSU,1985,2023,East Tennessee State,2017,East Tennessee State,78.05
81,Vermont,AEC,29,6,73.5,62.1,11.34,-3.27,-0.77,7.44,6.67,109.54,97.21,12.34,2017,1436,Vermont,1985,2023,Vermont,2017,Vermont,79.49
82,Princeton,Ivy,23,7,71.6,61.4,10.20,-1.84,-3.08,9.65,6.57,108.58,95.69,12.89,2017,1343,Princeton,1985,2023,Princeton,2017,Princeton,80.0
92,Bucknell,Patriot,26,9,76.3,67.9,8.37,-2.48,4.04,1.85,5.89,107.33,98.12,9.21,2017,1137,Bucknell,1985,2023,Bucknell,2017,Bucknell,77.93
99,New Mexico State,WAC,28,6,78.8,67.9,10.82,-3.82,2.84,1.83,4.66,109.00,100.52,8.48,2017,1308,New Mexico St,1985,2023,New Mexico State,2017,New Mexico State,75.6
121,Florida Gulf Coast,A-Sun,26,8,79.4,69.3,10.15,-3.42,0.31,1.95,2.26,107.20,102.02,5.19,2017,1195,FL Gulf Coast,2008,2023,Florida Gulf Coast,2017,Florida Gulf Coast,75.81
133,Winthrop,Big South,26,7,79.2,70.4,8.88,-6.12,4.50,-3.16,1.34,104.02,100.66,3.36,2017,1457,Winthrop,1987,2023,Winthrop,2017,Winthrop,75.53
138,Iona,MAAC,22,13,80.4,76.8,3.54,-2.47,5.95,-4.87,1.08,108.11,104.77,3.35,2017,1233,Iona,1985,2023,Iona,2017,Iona,75.49
140,Kent State,MAC (East),22,14,77.0,73.0,4.00,-1.63,1.29,-0.40,0.88,103.72,101.21,2.51,2017,1245,Kent,1985,2023,Kent State,2017,Kent State,74.27
156,Northern Kentucky,Horizon,24,11,76.0,71.6,4.34,-2.84,-0.49,0.32,-0.17,104.40,103.07,1.33,2017,1297,N Kentucky,2013,2023,Northern Kentucky,2017,Northern Kentucky,72.83
161,Troy,Sun Belt,22,15,78.1,72.1,6.00,-3.36,1.96,-2.43,-0.47,106.71,105.92,0.79,2017,1407,Troy,1994,2023,Troy,2017,Troy,73.28
177,North Dakota,Big Sky,22,10,80.6,73.7,6.91,-5.45,2.19,-4.02,-1.83,101.59,102.72,-1.13,2017,1315,North Dakota,2009,2023,North Dakota,2017,North Dakota,72.33
183,South Dakota State,Summit,18,17,76.7,77.1,-0.40,-0.66,1.91,-4.20,-2.30,107.57,109.38,-1.82,2017,1355,S Dakota St,2006,2023,South Dakota State,2017,South Dakota State,72.79
193,Jacksonville State,OVC (East),20,15,69.5,67.9,1.60,-3.24,-5.60,2.75,-2.85,103.16,105.33,-2.17,2017,1240,Jacksonville St,1996,2023,Jacksonville State,2017,Jacksonville State,71.17
201,North Carolina Central,MEAC,25,9,74.8,63.5,11.26,-12.12,-5.59,2.41,-3.18,99.09,101.34,-2.25,2017,1300,NC Central,2008,2023,North Carolina Central,2017,North Carolina Central,71.04
210,New Orleans,Southland,20,12,72.8,69.2,3.63,-5.34,-5.53,1.43,-4.10,98.58,101.88,-3.31,2017,1309,New Orleans,1985,2023,New Orleans,2017,New Orleans,69.24
213,Mount St. Mary's,NEC,20,16,67.9,68.7,-0.78,-3.51,-6.30,2.02,-4.29,97.27,101.47,-4.20,2017,1291,Mt St Mary's,1989,2023,Mount St. Mary's,2017,Mount St. Mary's,69.78
221,UC Davis,Big West,23,13,70.1,69.6,0.53,-4.68,-4.89,-0.32,-5.21,95.02,100.84,-5.82,2017,1413,UC Davis,2005,2023,UC Davis,2017,UC-Davis,69.94
245,Texas Southern,SWAC,23,12,74.1,72.7,1.40,-7.81,-1.82,-4.60,-6.41,100.58,107.77,-7.19,2017,1411,TX Southern,1985,2023,Texas Southern,2017,Texas Southern,70.99
1,Villanova,Big East,36,4,86.6,70.2,16.40,10.24,17.80,8.84,26.64,127.92,89.79,38.13,2018,1437,Villanova,1985,2023,Villanova,2018,Villanova,94.92
2,Duke,ACC,29,8,84.4,69.6,14.73,9.70,16.41,8.02,24.43,123.93,88.60,35.34,2018,1181,Duke,1985,2023,Duke,2018,Duke,92.59
3,Purdue,Big Ten,30,7,80.4,65.7,14.68,8.74,12.91,10.50,23.41,123.33,89.60,33.73,2018,1345,Purdue,1985,2023,Purdue,2018,Purdue,91.08
4,Michigan State,Big Ten,30,5,80.2,64.9,15.31,7.10,10.72,11.69,22.41,121.35,88.55,32.80,2018,1277,Michigan St,1985,2023,Michigan State,2018,Michigan State,91.67
5,Virginia,ACC,31,3,67.1,54.0,13.15,9.05,-1.75,23.95,22.20,115.92,80.94,34.98,2018,1438,Virginia,1985,2023,Virginia,2018,Virginia,93.07
6,Kansas,Big 12,31,8,81.4,71.9,9.51,11.88,13.58,7.81,21.39,122.39,91.96,30.43,2018,1242,Kansas,1985,2023,Kansas,2018,Kansas,90.88
7,Cincinnati,AAC,31,5,74.3,57.5,16.72,3.53,3.05,17.20,20.25,113.38,82.87,30.51,2018,1153,Cincinnati,1985,2023,Cincinnati,2018,Cincinnati,91.06
8,North Carolina,ACC,26,11,81.6,73.3,8.30,11.78,15.41,4.66,20.07,119.93,91.40,28.53,2018,1314,North Carolina,1985,2023,North Carolina,2018,North Carolina,90.62
9,West Virginia,Big 12,26,11,80.1,69.6,10.51,9.38,12.47,7.42,19.89,119.29,91.07,28.22,2018,1452,West Virginia,1985,2023,West Virginia,2018,West Virginia,88.58
10,Texas Tech,Big 12,27,10,74.6,64.8,9.78,9.60,5.29,14.09,19.38,113.74,85.68,28.06,2018,1403,Texas Tech,1985,2023,Texas Tech,2018,Texas Tech,87.27
11,Xavier,Big East,29,6,84.4,74.7,9.63,9.43,15.18,3.88,19.06,121.03,94.08,26.94,2018,1462,Xavier,1985,2023,Xavier,2018,Xavier,88.88
12,Michigan,Big Ten,33,8,73.6,63.3,10.32,9.41,4.22,14.81,19.03,114.94,86.75,28.19,2018,1276,Michigan,1985,2023,Michigan,2018,Michigan,88.54
13,Gonzaga,WCC,32,5,83.5,67.7,15.84,2.60,12.40,6.04,18.44,118.31,91.42,26.88,2018,1211,Gonzaga,1985,2023,Gonzaga,2018,Gonzaga,89.54
14,Tennessee,SEC,26,9,73.8,65.7,8.09,10.12,5.78,12.42,18.20,115.38,88.25,27.13,2018,1397,Tennessee,1985,2023,Tennessee,2018,Tennessee,87.17
15,Ohio State,Big Ten,25,9,76.2,67.6,8.65,9.02,7.67,10.00,17.67,116.79,90.38,26.41,2018,1326,Ohio St,1985,2023,Ohio State,2018,Ohio State,85.59
16,Kentucky,SEC,26,11,76.8,70.2,6.51,10.73,9.26,7.98,17.24,116.16,91.12,25.03,2018,1246,Kentucky,1985,2023,Kentucky,2018,Kentucky,88.17
17,Clemson,ACC,25,10,73.8,65.9,7.91,9.25,4.91,12.25,17.16,113.61,88.21,25.40,2018,1155,Clemson,1985,2023,Clemson,2018,Clemson,84.15
18,Butler,Big East,21,14,78.9,72.6,6.37,10.55,9.68,7.24,16.92,116.31,91.85,24.46,2018,1139,Butler,1985,2023,Butler,2018,Butler,84.65
19,Florida,SEC,21,13,75.8,69.2,6.59,10.08,8.15,8.52,16.66,115.62,91.51,24.11,2018,1196,Florida,1985,2023,Florida,2018,Florida,86.43
20,Wichita State,AAC,25,8,82.8,71.6,11.12,5.46,12.81,3.77,16.58,119.96,96.32,23.65,2018,1455,Wichita St,1985,2023,Wichita State,2018,Wichita State,87.97
21,TCU,Big 12,21,12,82.1,75.4,6.70,9.68,13.36,3.02,16.38,120.04,96.55,23.49,2018,1395,TCU,1985,2023,TCU,2018,Texas Christian,84.84
22,Creighton,Big East,21,12,83.5,74.1,9.45,8.10,12.82,3.53,16.35,117.37,94.26,23.11,2018,1166,Creighton,1985,2023,Creighton,2018,Creighton,83.4
23,Houston,AAC,27,8,76.7,64.9,11.83,4.16,7.34,8.65,15.99,114.31,90.59,23.72,2018,1222,Houston,1985,2023,Houston,2018,Houston,86.21
24,Auburn,SEC,26,8,81.9,73.2,8.68,7.29,12.84,3.13,15.97,115.61,93.00,22.61,2018,1120,Auburn,1985,2023,Auburn,2018,Auburn,84.04
26,Florida State,ACC,23,12,80.2,72.9,7.29,8.50,12.00,3.78,15.78,114.82,92.47,22.35,2018,1199,Florida St,1985,2023,Florida State,2018,Florida State,83.61
27,Arizona,Pac-12,27,8,80.5,71.7,8.83,6.84,10.25,5.42,15.67,119.31,96.27,23.04,2018,1112,Arizona,1985,2023,Arizona,2018,Arizona,87.86
28,Seton Hall,Big East,22,12,79.4,73.9,5.56,10.11,10.68,4.99,15.67,116.65,94.04,22.61,2018,1371,Seton Hall,1985,2023,Seton Hall,2018,Seton Hall,85.05
29,Texas A&M,SEC,22,13,75.2,70.5,4.69,10.62,6.36,8.95,15.30,111.39,89.51,21.87,2018,1401,Texas A&M,1985,2023,Texas A&M,2018,Texas A&M,83.55
30,Arkansas,SEC,23,12,80.5,75.6,4.91,9.85,11.86,2.91,14.76,117.25,96.60,20.65,2018,1116,Arkansas,1985,2023,Arkansas,2018,Arkansas,83.29
32,Nevada,MWC,29,8,82.6,73.1,9.51,4.93,12.64,1.80,14.44,119.02,97.88,21.14,2018,1305,Nevada,1985,2023,Nevada,2018,Nevada,81.82
33,Arizona State,Pac-12,20,12,82.7,74.8,7.81,6.55,13.80,0.56,14.37,117.43,97.37,20.06,2018,1113,Arizona St,1985,2023,Arizona State,2018,Arizona State,81.26
34,Virginia Tech,ACC,21,12,79.8,72.2,7.64,6.71,10.46,3.89,14.35,116.67,95.92,20.75,2018,1439,Virginia Tech,1985,2023,Virginia Tech,2018,Virginia Tech,83.43
36,Texas,Big 12,19,15,72.1,68.8,3.29,10.67,3.68,10.28,13.96,110.26,90.00,20.26,2018,1400,Texas,1985,2023,Texas,2018,Texas,82.9
37,Missouri,SEC,20,13,72.7,68.1,4.64,9.19,4.10,9.71,13.81,112.73,92.50,20.23,2018,1281,Missouri,1985,2023,Missouri,2018,Missouri,78.49
38,Oklahoma,Big 12,18,14,84.9,81.7,3.25,10.56,17.15,-3.34,13.81,115.96,96.70,19.26,2018,1328,Oklahoma,1985,2023,Oklahoma,2018,Oklahoma,82.1
41,NC State,ACC,21,12,81.3,75.1,6.21,6.70,12.67,0.24,12.91,115.98,97.53,18.45,2018,1301,NC State,1985,2023,NC State,2018,North Carolina State,81.74
42,Syracuse,ACC,23,14,66.6,63.8,2.86,10.02,-2.38,15.26,12.89,107.08,87.58,19.50,2018,1393,Syracuse,1985,2023,Syracuse,2018,Syracuse,81.86
44,Kansas State,Big 12,25,12,71.1,67.0,4.11,8.74,1.46,11.38,12.85,110.73,91.61,19.12,2018,1243,Kansas St,1985,2023,Kansas State,2018,Kansas State,81.48
45,Miami (FL),ACC,22,10,73.8,67.9,5.88,6.96,4.56,8.27,12.83,111.55,92.38,19.17,2018,1274,Miami FL,1986,2023,Miami (FL),2018,Miami (FL),83.94
49,Alabama,SEC,20,16,72.3,70.6,1.69,10.64,4.15,8.19,12.34,109.43,91.63,17.80,2018,1104,Alabama,1985,2023,Alabama,2018,Alabama,82.2
50,San Diego State,MWC,22,11,77.1,67.9,9.24,3.91,4.84,7.39,12.23,110.60,92.77,17.83,2018,1361,San Diego St,1985,2023,San Diego State,2018,San Diego State,81.72
51,UCLA,Pac-12,21,12,81.2,76.0,5.21,6.86,11.87,0.20,12.07,115.52,97.74,17.79,2018,1417,UCLA,1985,2023,UCLA,2018,UCLA,83.22
52,Rhode Island,A-10,26,8,76.0,68.8,7.21,4.61,4.97,6.84,11.81,111.11,93.46,17.66,2018,1348,Rhode Island,1985,2023,Rhode Island,2018,Rhode Island,83.07
56,Providence,Big East,21,14,73.6,72.7,0.89,10.23,3.47,7.65,11.12,108.90,92.55,16.35,2018,1344,Providence,1985,2023,Providence,2018,Providence,81.27
58,Davidson,A-10,21,12,76.3,67.9,8.45,2.57,5.42,5.61,11.02,118.15,100.16,18.00,2018,1172,Davidson,1985,2023,Davidson,2018,Davidson,81.9
63,Loyola (IL),MVC,32,6,71.6,62.6,9.05,1.80,0.65,9.72,10.37,110.59,93.84,16.75,2018,1260,Loyola-Chicago,1985,2023,Loyola (IL),2018,Loyola (IL),81.28
72,New Mexico State,WAC,28,6,75.6,64.2,11.44,-1.10,1.87,7.19,9.06,107.29,93.41,13.88,2018,1308,New Mexico St,1985,2023,New Mexico State,2018,New Mexico State,79.79
74,St. Bonaventure,A-10,26,8,77.1,70.8,6.26,2.61,5.90,2.97,8.87,109.69,95.99,13.70,2018,1382,St Bonaventure,1985,2023,St. Bonaventure,2018,St. Bonaventure,80.26
81,Buffalo,MAC (East),27,9,84.6,76.2,8.47,0.25,11.64,-3.66,7.99,112.66,100.78,11.89,2018,1138,Buffalo,1992,2023,Buffalo,2018,Buffalo,79.07
91,Murray State,OVC,26,6,78.6,66.2,12.44,-3.53,2.89,3.99,6.87,111.29,99.60,11.69,2018,1293,Murray St,1985,2023,Murray State,2018,Murray State,78.93
93,South Dakota State,Summit,28,7,84.5,74.3,10.26,-0.38,8.68,-1.84,6.84,111.87,101.55,10.33,2018,1355,S Dakota St,2006,2023,South Dakota State,2018,South Dakota State,78.07
95,Montana,Big Sky,26,8,77.2,68.5,8.71,-2.24,2.31,3.97,6.29,106.22,96.64,9.58,2018,1285,Montana,1985,2023,Montana,2018,Montana,76.79
108,UNC Greensboro,Southern,27,8,73.2,62.5,10.66,-3.87,-3.77,8.30,4.54,102.85,94.43,8.42,2018,1422,UNC Greensboro,1992,2023,UNC Greensboro,2018,North Carolina-Greensboro,78.03
109,Bucknell,Patriot,25,10,81.1,73.1,7.94,-3.46,6.85,-2.36,4.49,107.31,100.39,6.92,2018,1137,Bucknell,1985,2023,Bucknell,2018,Bucknell,78.25
112,Marshall,CUSA,25,11,83.8,79.1,4.67,0.44,10.29,-6.08,4.21,107.50,100.84,6.65,2018,1267,Marshall,1985,2023,Marshall,2018,Marshall,75.58
120,Georgia State,Sun Belt,24,11,74.7,67.3,7.37,-2.78,0.04,3.18,3.22,106.00,99.93,6.07,2018,1209,Georgia St,1985,2023,Georgia State,2018,Georgia State,75.99
123,Stephen F. Austin,Southland,28,7,80.5,68.2,12.37,-6.47,1.51,1.16,2.66,102.31,98.01,4.31,2018,1372,SF Austin,1987,2023,Stephen F. Austin,2018,Stephen F. Austin,74.78
127,Pennsylvania,Ivy,24,9,75.9,68.9,7.03,-3.16,0.03,2.22,2.24,101.47,97.35,4.11,2018,1335,Penn,1985,2023,Pennsylvania,2018,Pennsylvania,75.55
132,College of Charleston,CAA,26,8,74.6,68.6,6.03,-3.29,-1.60,3.43,1.83,106.32,101.88,4.44,2018,1158,Col Charleston,1992,2023,College of Charleston,2018,College of Charleston,76.44
147,Iona,MAAC,20,14,79.5,76.5,2.94,-2.19,5.70,-4.95,0.75,108.12,106.00,2.13,2018,1233,Iona,1985,2023,Iona,2018,Iona,74.79
151,Wright State,Horizon,25,10,71.4,65.9,5.51,-3.64,-4.33,4.91,0.58,97.86,95.69,2.17,2018,1460,Wright St,1988,2023,Wright State,2018,Wright State,74.31
169,Cal State Fullerton,Big West,20,12,72.4,70.2,2.28,-1.03,-0.27,-0.66,-0.93,100.50,100.77,-0.27,2018,1168,CS Fullerton,1985,2023,Cal State Fullerton,2018,Cal State Fullerton,71.88
183,Maryland-Baltimore County,AEC,25,11,73.1,68.5,4.56,-3.84,-2.30,0.28,-2.02,100.78,102.28,-1.50,2018,1420,UMBC,1987,2023,Maryland-Baltimore County,2018,Maryland-Baltimore County,71.36
184,Lipscomb,A-Sun,23,10,82.1,77.7,4.36,-3.80,4.74,-6.84,-2.10,100.62,102.25,-1.63,2018,1252,Lipscomb,2003,2023,Lipscomb,2018,Lipscomb,72.45
191,Radford,Big South,23,13,67.3,64.9,2.39,-4.09,-7.39,4.78,-2.62,100.36,102.62,-2.26,2018,1347,Radford,1985,2023,Radford,2018,Radford,70.89
254,Texas Southern,SWAC,16,20,77.4,79.4,-2.00,-5.53,2.19,-9.71,-7.53,101.48,110.91,-9.42,2018,1411,TX Southern,1985,2023,Texas Southern,2018,Texas Southern,67.93
268,Long Island University,NEC,18,17,77.0,76.4,0.63,-8.19,-0.12,-8.48,-8.60,98.94,109.80,-10.87,2018,1254,LIU Brooklyn,1985,2023,Long Island University,2018,Long Island University,67.64
320,North Carolina Central,MEAC,19,16,72.0,69.3,2.71,-12.31,-11.13,-2.06,-13.18,92.67,109.54,-16.87,2018,1300,NC Central,2008,2023,North Carolina Central,2018,North Carolina Central,65.3
1,Gonzaga,WCC,33,4,87.6,64.9,22.78,5.01,18.57,9.22,27.79,125.22,86.27,38.95,2019,1211,Gonzaga,1985,2023,Gonzaga,2019,Gonzaga,95.02
2,Duke,ACC,32,6,82.7,67.8,14.92,11.98,17.48,9.41,26.90,121.54,84.16,37.38,2019,1181,Duke,1985,2023,Duke,2019,Duke,96.3
3,Virginia,ACC,35,3,71.4,56.1,15.32,10.15,5.08,20.38,25.46,124.73,85.12,39.61,2019,1438,Virginia,1985,2023,Virginia,2019,Virginia,95.22
4,Michigan State,Big Ten,32,7,77.6,65.0,12.59,12.34,12.94,11.99,24.93,122.55,86.17,36.38,2019,1277,Michigan St,1985,2023,Michigan State,2019,Michigan State,92.28
5,North Carolina,ACC,29,7,85.8,73.2,12.58,11.35,19.81,4.12,23.94,120.64,88.24,32.41,2019,1314,North Carolina,1985,2023,North Carolina,2019,North Carolina,93.24
6,Texas Tech,Big 12,31,7,72.8,59.5,13.26,9.53,5.95,16.84,22.79,115.44,81.30,34.14,2019,1403,Texas Tech,1985,2023,Texas Tech,2019,Texas Tech,89.65
7,Michigan,Big Ten,30,7,69.6,58.3,11.27,10.55,4.23,17.60,21.82,115.33,82.49,32.83,2019,1276,Michigan,1985,2023,Michigan,2019,Michigan,91.04
8,Tennessee,SEC,31,6,82.0,69.7,12.30,10.16,14.69,6.86,21.55,123.14,92.14,30.99,2019,1397,Tennessee,1985,2023,Tennessee,2019,Tennessee,91.34
9,Kentucky,SEC,30,7,75.8,64.7,11.14,10.29,8.31,13.12,21.43,119.35,87.30,32.04,2019,1246,Kentucky,1985,2023,Kentucky,2019,Kentucky,91.24
10,Purdue,Big Ten,26,10,76.7,67.3,9.42,11.99,12.29,9.11,21.40,123.61,91.72,31.89,2019,1345,Purdue,1985,2023,Purdue,2019,Purdue,89.04
11,Auburn,SEC,30,10,79.7,68.8,10.95,10.92,13.12,7.72,20.84,121.33,91.64,29.69,2019,1120,Auburn,1985,2023,Auburn,2019,Auburn,89.02
12,Virginia Tech,ACC,26,9,73.5,62.1,11.49,7.79,6.50,12.79,19.28,119.72,90.46,29.26,2019,1439,Virginia Tech,1985,2023,Virginia Tech,2019,Virginia Tech,89.26
13,Houston,AAC,33,4,75.3,61.0,14.30,4.61,6.31,12.60,18.91,116.10,88.26,27.83,2019,1222,Houston,1985,2023,Houston,2019,Houston,87.89
14,Kansas,Big 12,26,10,75.7,70.1,5.56,12.79,10.88,7.47,18.35,115.57,89.20,26.37,2019,1242,Kansas,1985,2023,Kansas,2019,Kansas,86.3
15,Iowa State,Big 12,23,12,76.9,68.1,8.77,9.30,10.50,7.57,18.07,119.63,93.06,26.57,2019,1235,Iowa St,1985,2023,Iowa State,2019,Iowa State,86.12
16,Florida State,ACC,29,8,74.9,67.2,7.73,10.26,8.69,9.31,17.99,113.40,87.45,25.95,2019,1199,Florida St,1985,2023,Florida State,2019,Florida State,88.44
17,Wisconsin,Big Ten,23,11,68.6,61.7,6.88,11.01,2.77,15.13,17.90,112.42,85.73,26.69,2019,1458,Wisconsin,1985,2023,Wisconsin,2019,Wisconsin,86.54
18,Louisville,ACC,20,14,74.6,68.4,6.24,11.04,8.40,8.88,17.28,115.35,90.30,25.05,2019,1257,Louisville,1985,2023,Louisville,2019,Louisville,85.9
19,Louisiana State,SEC,28,7,80.4,73.1,7.34,9.16,13.87,2.63,16.50,118.04,94.11,23.93,2019,1261,LSU,1985,2023,Louisiana State,2019,Louisiana State,86.37
21,Maryland,Big Ten,23,11,71.4,65.5,5.91,10.09,5.58,10.43,16.01,114.24,90.84,23.40,2019,1268,Maryland,1985,2023,Maryland,2019,Maryland,84.82
22,Nevada,MWC,29,5,80.1,66.8,13.32,2.68,9.40,6.61,16.00,114.62,92.01,22.61,2019,1305,Nevada,1985,2023,Nevada,2019,Nevada,86.11
23,Mississippi State,SEC,23,11,77.3,70.4,6.88,9.07,10.03,5.93,15.96,117.66,94.21,23.46,2019,1280,Mississippi St,1985,2023,Mississippi State,2019,Mississippi State,85.11
24,Buffalo,MAC (East),32,4,84.4,70.8,13.53,2.62,14.35,1.22,15.56,114.89,93.68,21.21,2019,1138,Buffalo,1992,2023,Buffalo,2019,Buffalo,85.74
25,Florida,SEC,20,16,67.8,63.6,4.19,11.22,0.81,14.61,15.42,111.92,89.12,22.80,2019,1196,Florida,1985,2023,Florida,2019,Florida,83.95
26,Kansas State,Big 12,25,9,65.8,59.6,6.21,9.18,-1.44,16.82,15.39,108.91,85.76,23.16,2019,1243,Kansas St,1985,2023,Kansas State,2019,Kansas State,86.65
27,Oklahoma,Big 12,20,14,71.3,68.2,3.09,12.21,6.90,8.40,15.30,111.39,89.86,21.53,2019,1328,Oklahoma,1985,2023,Oklahoma,2019,Oklahoma,83.01
30,Marquette,Big East,24,10,77.3,69.5,7.82,6.96,8.50,6.28,14.78,113.04,91.98,21.06,2019,1266,Marquette,1985,2023,Marquette,2019,Marquette,84.41
31,Cincinnati,AAC,28,7,71.7,62.7,9.03,5.50,2.64,11.90,14.53,113.40,91.64,21.76,2019,1153,Cincinnati,1985,2023,Cincinnati,2019,Cincinnati,85.44
32,Villanova,Big East,26,10,73.7,67.4,6.36,7.97,5.02,9.31,14.33,117.31,96.22,21.09,2019,1437,Villanova,1985,2023,Villanova,2019,Villanova,86.96
33,Iowa,Big Ten,23,12,78.3,73.9,4.43,9.84,12.59,1.67,14.27,119.12,98.29,20.82,2019,1234,Iowa,1985,2023,Iowa,2019,Iowa,82.36
34,Oregon,Pac-12,25,13,70.0,62.2,7.82,6.13,0.68,13.27,13.95,110.14,88.85,21.28,2019,1332,Oregon,1985,2023,Oregon,2019,Oregon,82.64
35,Wofford,Southern,30,5,82.3,65.6,16.69,0.80,7.67,6.26,13.92,118.28,97.04,21.24,2019,1459,Wofford,1996,2023,Wofford,2019,Wofford,84.38
36,Ohio State,Big Ten,20,15,69.1,66.2,2.89,11.00,2.84,11.04,13.89,110.68,90.57,20.11,2019,1326,Ohio St,1985,2023,Ohio State,2019,Ohio State,82.59
40,Syracuse,ACC,20,14,69.7,66.1,3.65,10.09,3.37,10.37,13.73,111.42,90.77,20.65,2019,1393,Syracuse,1985,2023,Syracuse,2019,Syracuse,83.92
41,Baylor,Big 12,20,14,71.8,67.7,4.12,9.26,5.23,8.15,13.38,114.89,94.90,19.99,2019,1124,Baylor,1985,2023,Baylor,2019,Baylor,80.76
42,Central Florida,AAC,24,9,72.3,64.5,7.79,5.58,3.01,10.36,13.37,111.75,92.00,19.75,2019,1416,UCF,1985,2023,Central Florida,2019,Central Florida,81.72
43,Saint Mary's (CA),WCC,22,12,72.4,64.3,8.18,4.40,2.16,10.42,12.58,115.23,95.57,19.67,2019,1388,St Mary's CA,1985,2023,Saint Mary's (CA),2019,Saint Mary's (CA),83.58
45,Minnesota,Big Ten,22,14,70.6,69.4,1.25,11.27,5.50,7.02,12.52,111.51,93.38,18.13,2019,1278,Minnesota,1985,2023,Minnesota,2019,Minnesota,80.84
46,Mississippi,SEC,20,13,75.3,71.1,4.18,8.13,7.75,4.57,12.32,113.29,95.13,18.16,2019,1279,Mississippi,1985,2023,Mississippi,2019,Mississippi,81.64
47,Washington,Pac-12,27,9,69.8,64.8,5.00,7.01,1.22,10.79,12.01,108.01,90.31,17.70,2019,1449,Washington,1985,2023,Washington,2019,Washington,82.55
49,Utah State,MWC,28,7,78.7,67.1,11.54,0.89,6.80,5.17,11.98,111.31,93.92,17.39,2019,1429,Utah St,1985,2023,Utah State,2019,Utah State,82.26
50,Virginia Commonwealth,A-10,25,8,71.0,61.9,9.09,2.87,1.16,10.80,11.96,104.02,86.24,17.79,2019,1433,VCU,1985,2023,Virginia Commonwealth,2019,Virginia Commonwealth,81.7
53,Arizona State,Pac-12,23,11,77.6,73.4,4.24,6.04,8.06,2.22,10.28,109.51,94.53,14.98,2019,1113,Arizona St,1985,2023,Arizona State,2019,Arizona State,81.94
54,Seton Hall,Big East,20,14,73.8,71.9,1.91,8.34,5.79,4.46,10.25,109.58,94.29,15.28,2019,1371,Seton Hall,1985,2023,Seton Hall,2019,Seton Hall,82.2
55,New Mexico State,WAC,30,5,78.1,64.5,13.57,-2.38,3.91,6.14,10.05,113.05,97.79,15.26,2019,1308,New Mexico St,1985,2023,New Mexico State,2019,New Mexico State,80.91
64,Belmont,OVC,27,6,86.9,73.9,13.00,-2.60,11.35,-2.23,9.12,114.76,101.40,13.36,2019,1125,Belmont,2000,2023,Belmont,2019,Belmont,81.74
66,Murray State,OVC,28,5,82.6,68.3,14.30,-3.11,6.13,2.83,8.96,111.59,98.12,13.48,2019,1293,Murray St,1985,2023,Murray State,2019,Murray State,81.29
76,Temple,AAC,23,10,74.7,71.5,3.24,4.93,5.55,2.62,8.17,109.29,97.17,12.12,2019,1396,Temple,1985,2023,Temple,2019,Temple,79.39
80,St. John's (NY),Big East,21,13,77.1,74.8,2.38,5.50,7.70,0.18,7.88,109.56,98.26,11.29,2019,1385,St John's,1985,2023,St. John's (NY),2019,St. John's (NY),78.84
100,UC Irvine,Big West,31,6,72.3,63.6,8.70,-2.30,-0.30,6.00,5.70,105.56,96.14,9.43,2019,1414,UC Irvine,1985,2023,UC Irvine,2019,UC-Irvine,78.36
101,Yale,Ivy,22,8,80.9,73.4,7.50,-1.24,7.97,-2.44,5.52,109.75,101.76,7.99,2019,1463,Yale,1985,2023,Yale,2019,Yale,77.11
104,Liberty,A-Sun,29,7,73.7,61.4,12.36,-3.88,-3.23,8.50,5.27,108.83,98.95,9.88,2019,1251,Liberty,1989,2023,Liberty,2019,Liberty,78.02
106,Saint Louis,A-10,23,13,66.6,63.8,2.83,2.23,-3.11,8.17,5.06,101.73,93.52,8.21,2019,1387,St Louis,1985,2023,Saint Louis,2019,Saint Louis,77.01
107,Vermont,AEC,27,7,73.8,63.0,10.74,-4.18,-0.37,5.25,4.88,107.78,99.27,8.51,2019,1436,Vermont,1985,2023,Vermont,2019,Vermont,79.29
110,Northern Kentucky,Horizon,26,9,78.5,68.9,9.63,-2.39,3.55,1.11,4.67,107.98,100.78,7.20,2019,1297,N Kentucky,2013,2023,Northern Kentucky,2019,Northern Kentucky,77.27
115,Northeastern,CAA,23,11,75.4,70.8,4.65,-0.70,2.73,1.22,3.95,109.98,103.60,6.38,2019,1318,Northeastern,1985,2023,Northeastern,2019,Northeastern,78.58
118,Old Dominion,CUSA,26,9,65.7,60.8,4.91,-1.18,-5.84,9.58,3.74,100.39,93.82,6.57,2019,1330,Old Dominion,1985,2023,Old Dominion,2019,Old Dominion,76.98
132,Georgia State,Sun Belt,24,10,76.4,73.3,3.15,0.65,3.57,-1.13,2.44,106.08,101.81,4.27,2019,1209,Georgia St,1985,2023,Georgia State,2019,Georgia State,76.3
139,Montana,Big Sky,26,9,76.1,68.5,7.66,-5.05,0.45,1.05,1.50,105.67,102.92,2.75,2019,1285,Montana,1985,2023,Montana,2019,Montana,76.17
143,Colgate,Patriot,24,11,75.7,70.2,5.43,-3.83,1.82,-0.59,1.23,107.51,105.18,2.34,2019,1159,Colgate,1985,2023,Colgate,2019,Colgate,74.95
157,Bradley,MVC,20,15,66.5,65.3,1.26,-0.90,-4.59,4.52,-0.08,101.66,101.06,0.60,2019,1133,Bradley,1985,2023,Bradley,2019,Bradley,72.91
175,Abilene Christian,Southland,27,7,73.6,63.6,10.03,-7.34,-4.14,2.24,-1.91,101.19,102.72,-1.53,2019,1101,Abilene Chr,2014,2023,Abilene Christian,2019,Abilene Christian,72.33
187,Gardner-Webb,Big South,23,12,77.7,70.5,7.14,-4.43,1.19,-3.80,-2.61,104.02,106.94,-2.92,2019,1205,Gardner Webb,2003,2023,Gardner-Webb,2019,Gardner-Webb,71.74
211,North Dakota State,Summit,19,16,73.0,72.6,0.43,-2.07,-1.85,-2.16,-4.01,105.13,109.98,-4.84,2019,1295,N Dakota St,2006,2023,North Dakota State,2019,North Dakota State,70.79
218,Iona,MAAC,17,16,76.7,76.0,0.73,-5.50,2.92,-7.69,-4.78,103.93,109.81,-5.88,2019,1233,Iona,1985,2023,Iona,2019,Iona,71.88
233,Fairleigh Dickinson,NEC,21,14,74.9,71.9,3.00,-7.24,-0.70,-5.39,-6.09,103.14,110.84,-7.70,2019,1192,F Dickinson,1985,2023,Fairleigh Dickinson,2019,Fairleigh Dickinson,70.86
251,Prairie View,SWAC,22,13,75.1,72.8,2.29,-9.17,-0.86,-6.43,-7.29,98.59,107.76,-9.17,2019,1341,Prairie View,1985,2023,Prairie View,2019,Prairie View,69.57
310,North Carolina Central,MEAC,18,16,71.4,66.6,4.79,-11.24,-9.24,-2.29,-11.53,94.84,110.04,-15.20,2019,1300,NC Central,2008,2023,North Carolina Central,2019,North Carolina Central,65.48
1,Gonzaga,WCC,31,1,91.0,69.7,21.28,5.92,23.21,3.99,27.20,126.59,89.03,37.56,2021,1211,Gonzaga,1985,2023,Gonzaga,2021,Gonzaga,96.51
2,Baylor,Big 12,28,2,82.9,65.5,17.43,7.40,15.41,9.42,24.83,124.98,89.29,35.68,2021,1124,Baylor,1985,2023,Baylor,2021,Baylor,93.63
3,Illinois,Big Ten,24,7,80.5,68.6,11.90,11.34,15.08,8.17,23.25,119.29,86.45,32.83,2021,1228,Illinois,1985,2023,Illinois,2021,Illinois,94.02
4,Michigan,Big Ten,23,5,75.8,65.1,10.75,11.25,9.74,12.25,22.00,118.69,86.42,32.27,2021,1276,Michigan,1985,2023,Michigan,2021,Michigan,89.56
5,Houston,AAC,28,4,76.1,58.2,17.84,5.37,7.82,13.84,21.66,119.73,86.92,32.81,2021,1222,Houston,1985,2023,Houston,2021,Houston,90.22
6,Iowa,Big Ten,22,9,83.7,72.7,10.97,10.43,18.32,3.08,21.40,125.85,95.09,30.77,2021,1234,Iowa,1985,2023,Iowa,2021,Iowa,90.82
7,Southern California,Pac-12,25,8,74.9,65.1,9.85,10.65,9.40,11.10,20.50,116.39,86.42,29.96,2021,1425,USC,1985,2023,Southern California,2021,Southern California,85.76
8,Alabama,SEC,26,7,79.7,70.1,9.58,10.01,13.35,6.24,19.58,113.27,85.56,27.71,2021,1104,Alabama,1985,2023,Alabama,2021,Alabama,88.93
9,Colorado,Pac-12,23,9,73.1,63.8,9.31,9.57,7.71,11.17,18.88,117.17,89.37,27.80,2021,1160,Colorado,1985,2023,Colorado,2021,Colorado,86.02
10,Ohio State,Big Ten,21,10,77.2,71.1,6.06,12.19,12.15,6.10,18.25,120.91,94.24,26.67,2021,1326,Ohio St,1985,2023,Ohio State,2021,Ohio State,89.39
11,Arkansas,SEC,25,7,81.4,70.8,10.63,7.18,12.42,5.38,17.80,112.93,88.13,24.80,2021,1116,Arkansas,1985,2023,Arkansas,2021,Arkansas,86.26
12,Villanova,Big East,18,7,74.8,66.5,8.28,9.19,7.91,9.56,17.47,120.11,94.05,26.06,2021,1437,Villanova,1985,2023,Villanova,2021,Villanova,84.74
13,Wisconsin,Big Ten,18,13,69.9,64.6,5.29,11.93,4.38,12.83,17.22,113.23,87.60,25.63,2021,1458,Wisconsin,1985,2023,Wisconsin,2021,Wisconsin,87.32
14,Florida State,ACC,18,7,77.2,69.2,7.96,9.16,11.60,5.52,17.12,116.09,90.59,25.49,2021,1199,Florida St,1985,2023,Florida State,2021,Florida State,86.75
15,Tennessee,SEC,18,9,71.9,63.5,8.41,8.46,4.46,12.41,16.87,110.51,85.75,24.76,2021,1397,Tennessee,1985,2023,Tennessee,2021,Tennessee,85.78
16,Texas Tech,Big 12,18,11,72.5,63.2,9.31,7.28,5.08,11.51,16.59,112.71,88.11,24.60,2021,1403,Texas Tech,1985,2023,Texas Tech,2021,Texas Tech,86.43
17,UCLA,Pac-12,22,10,73.4,68.4,4.97,11.34,8.06,8.24,16.30,117.22,93.15,24.07,2021,1417,UCLA,1985,2023,UCLA,2021,UCLA,81.89
18,Creighton,Big East,22,9,76.0,68.2,7.74,8.54,9.71,6.57,16.28,114.35,91.01,23.34,2021,1166,Creighton,1985,2023,Creighton,2021,Creighton,87.0
19,Oregon,Pac-12,21,7,72.3,66.0,6.28,9.65,8.61,7.54,16.15,117.21,93.57,23.64,2021,1332,Oregon,1985,2023,Oregon,2021,Oregon,84.59
20,Connecticut,Big East,15,8,71.7,64.6,7.17,8.59,5.79,9.98,15.77,113.49,90.66,22.83,2021,1163,Connecticut,1985,2023,Connecticut,2021,Connecticut,85.25
21,Louisiana State,SEC,19,10,81.8,75.2,6.55,9.14,15.24,0.46,15.70,121.14,98.05,23.08,2021,1261,LSU,1985,2023,Louisiana State,2021,Louisiana State,85.16
22,Purdue,Big Ten,18,10,71.0,66.7,4.32,11.23,6.15,9.40,15.55,114.59,91.26,23.33,2021,1345,Purdue,1985,2023,Purdue,2021,Purdue,86.46
23,Texas,Big 12,19,8,74.4,68.2,6.15,9.36,8.88,6.63,15.51,113.56,90.94,22.61,2021,1400,Texas,1985,2023,Texas,2021,Texas,86.74
24,West Virginia,Big 12,19,10,77.3,72.0,5.31,10.05,11.72,3.64,15.36,116.57,93.99,22.58,2021,1452,West Virginia,1985,2023,West Virginia,2021,West Virginia,86.61
25,Kansas,Big 12,21,9,73.0,67.0,6.03,10.26,6.16,9.13,15.29,111.87,89.25,22.62,2021,1242,Kansas,1985,2023,Kansas,2021,Kansas,87.39
26,Virginia,ACC,18,7,68.2,60.5,7.68,7.59,0.18,15.09,15.27,116.99,92.54,24.45,2021,1438,Virginia,1985,2023,Virginia,2021,Virginia,88.06
27,Brigham Young,WCC,20,7,78.1,68.6,9.48,7.23,8.13,7.06,15.19,113.61,91.20,22.42,2021,1140,BYU,1985,2023,Brigham Young,2021,Brigham Young,84.52
28,Loyola (IL),MVC,26,5,71.0,56.1,14.97,1.37,1.22,13.90,15.12,112.23,87.76,24.47,2021,1260,Loyola-Chicago,1985,2023,Loyola (IL),2021,Loyola (IL),85.08
30,North Carolina,ACC,18,11,75.2,69.9,5.28,9.52,9.25,5.55,14.79,110.58,89.17,21.41,2021,1314,North Carolina,1985,2023,North Carolina,2021,North Carolina,86.09
31,San Diego State,MWC,23,5,73.6,61.2,12.46,2.99,3.74,10.63,14.36,111.63,90.26,21.37,2021,1361,San Diego St,1985,2023,San Diego State,2021,San Diego State,85.59
32,Rutgers,Big Ten,16,12,69.3,67.6,1.64,12.50,4.15,9.99,14.14,109.13,88.46,20.67,2021,1353,Rutgers,1985,2023,Rutgers,2021,Rutgers,84.12
33,Maryland,Big Ten,17,14,68.9,65.6,3.26,11.97,3.95,9.99,13.94,114.32,93.34,20.98,2021,1268,Maryland,1985,2023,Maryland,2021,Maryland,84.35
35,Florida,SEC,15,10,74.2,70.3,3.88,9.82,6.86,6.84,13.70,112.07,92.08,19.99,2021,1196,Florida,1985,2023,Florida,2021,Florida,83.03
36,Colgate,Patriot (North),14,2,85.2,69.6,15.56,-1.90,13.54,0.13,13.66,115.18,96.78,18.40,2021,1159,Colgate,1985,2023,Colgate,2021,Colgate,79.74
37,Oklahoma State,Big 12,21,9,76.6,72.7,3.87,9.78,10.14,3.51,13.65,109.16,89.40,19.76,2021,1329,Oklahoma St,1985,2023,Oklahoma State,2021,Oklahoma State,84.88
39,Oklahoma,Big 12,16,11,74.5,69.9,4.67,8.86,7.32,6.20,13.52,113.08,93.63,19.46,2021,1328,Oklahoma,1985,2023,Oklahoma,2021,Oklahoma,83.41
40,St. Bonaventure,A-10,16,5,70.0,61.1,8.95,4.49,1.77,11.67,13.44,111.34,90.39,20.96,2021,1382,St Bonaventure,1985,2023,St. Bonaventure,2021,St. Bonaventure,82.86
41,Syracuse,ACC,18,10,74.8,70.1,4.68,8.59,8.59,4.68,13.27,113.44,93.67,19.77,2021,1393,Syracuse,1985,2023,Syracuse,2021,Syracuse,83.03
43,Georgia Tech,ACC,17,9,74.9,70.0,4.88,7.91,8.79,4.00,12.79,115.03,95.48,19.55,2021,1210,Georgia Tech,1985,2023,Georgia Tech,2021,Georgia Tech,83.89
45,Virginia Tech,ACC,15,7,72.0,66.0,6.09,6.50,4.98,7.61,12.59,111.23,92.47,18.76,2021,1439,Virginia Tech,1985,2023,Virginia Tech,2021,Virginia Tech,81.2
46,Clemson,ACC,16,8,64.9,61.9,3.00,9.49,-0.71,13.21,12.49,107.66,88.78,18.88,2021,1155,Clemson,1985,2023,Clemson,2021,Clemson,82.36
47,Missouri,SEC,16,10,73.4,71.9,1.50,10.87,7.12,5.25,12.37,111.49,93.51,17.98,2021,1281,Missouri,1985,2023,Missouri,2021,Missouri,81.84
51,Oregon State,Pac-12,20,13,70.5,67.6,2.82,10.82,3.86,7.62,11.48,112.79,95.39,17.40,2021,1333,Oregon St,1985,2023,Oregon State,2021,Oregon State,79.69
52,Virginia Commonwealth,A-10,19,7,69.0,62.7,6.30,4.76,3.66,7.64,11.30,105.50,88.40,17.10,2021,1433,VCU,1985,2023,Virginia Commonwealth,2021,Virginia Commonwealth,81.94
57,Utah State,MWC,20,9,72.6,62.3,10.24,1.32,2.35,8.65,10.99,105.31,89.04,16.27,2021,1429,Utah St,1985,2023,Utah State,2021,Utah State,82.37
61,Georgetown,Big East,13,13,71.4,71.7,-0.23,10.36,5.71,4.42,10.13,107.70,92.63,15.07,2021,1207,Georgetown,1985,2023,Georgetown,2021,Georgetown,81.32
63,Michigan State,Big Ten,15,13,69.4,71.1,-1.68,11.48,3.90,5.90,9.80,107.59,93.45,14.14,2021,1277,Michigan St,1985,2023,Michigan State,2021,Michigan State,82.87
67,Drake,MVC,26,5,75.9,64.5,11.45,-0.48,5.19,4.23,9.42,112.70,98.03,14.67,2021,1179,Drake,1985,2023,Drake,2021,Drake,77.57
69,Wichita State,AAC,16,6,71.5,66.8,4.68,6.91,4.94,4.43,9.36,108.76,94.43,14.33,2021,1455,Wichita St,1985,2023,Wichita State,2021,Wichita State,79.89
79,UC Santa Barbara,Big West,22,5,76.0,62.8,13.15,-2.08,1.58,6.22,7.80,108.90,95.68,13.22,2021,1364,UC Santa Barbara,1985,2023,UC Santa Barbara,2021,UC-Santa Barbara,78.4
81,North Texas,CUSA (West),18,10,69.8,62.3,7.46,1.02,-2.12,9.70,7.58,106.50,94.80,11.70,2021,1317,North Texas,1985,2023,North Texas,2021,North Texas,78.37
89,Abilene Christian,Southland,24,5,75.7,60.4,15.28,-6.37,-0.28,6.56,6.27,101.23,91.93,9.30,2021,1101,Abilene Chr,2014,2023,Abilene Christian,2021,Abilene Christian,77.04
99,Ohio,MAC,17,8,79.2,72.6,6.60,-0.57,5.65,-0.18,5.48,109.43,101.46,7.98,2021,1325,Ohio,1985,2023,Ohio,2021,Ohio,77.51
104,Grand Canyon,WAC,17,7,75.5,62.1,13.38,-3.46,-1.81,6.92,5.11,105.16,95.94,9.22,2021,1213,Grand Canyon,2014,2023,Grand Canyon,2021,Grand Canyon,74.71
108,Winthrop,Big South,23,2,78.9,67.0,11.84,-7.15,6.28,-1.60,4.69,103.72,97.13,6.59,2021,1457,Winthrop,1987,2023,Winthrop,2021,Winthrop,78.41
111,Liberty,A-Sun,23,6,74.4,60.0,14.41,-6.14,-1.06,5.12,4.06,109.15,101.02,8.13,2021,1251,Liberty,1989,2023,Liberty,2021,Liberty,76.98
112,Eastern Washington,Big Sky,16,8,78.3,70.4,7.88,-3.15,7.29,-3.26,4.03,107.52,101.72,5.79,2021,1186,E Washington,1985,2023,Eastern Washington,2021,Eastern Washington,76.07
114,UNC Greensboro,Southern,21,9,73.0,67.3,5.63,-2.15,-0.62,4.10,3.48,102.12,96.16,5.96,2021,1422,UNC Greensboro,1992,2023,UNC Greensboro,2021,North Carolina-Greensboro,77.74
134,Oral Roberts,Summit,18,11,81.1,75.6,5.52,-0.04,7.09,-5.36,1.73,107.25,104.16,3.09,2021,1331,Oral Roberts,1985,2023,Oral Roberts,2021,Oral Roberts,73.26
155,Morehead State,OVC,23,8,68.8,64.1,4.71,-4.33,-5.93,4.98,-0.95,97.56,98.24,-0.68,2021,1287,Morehead St,1985,2023,Morehead State,2021,Morehead State,73.72
156,Drexel,CAA,12,8,70.4,67.4,2.95,-3.92,-3.38,2.40,-0.97,105.01,105.35,-0.34,2021,1180,Drexel,1985,2023,Drexel,2021,Drexel,72.43
160,Iona,MAAC,12,6,71.3,66.1,5.22,-6.42,-2.81,1.61,-1.20,99.00,100.01,-1.00,2021,1233,Iona,1985,2023,Iona,2021,Iona,71.81
184,Hartford,AEC,15,9,65.4,63.9,1.50,-4.95,-5.92,2.47,-3.45,95.41,99.52,-4.11,2021,1216,Hartford,1985,2023,Hartford,2021,Hartford,70.93
203,Cleveland State,Horizon,19,8,70.9,71.2,-0.30,-4.82,-5.36,0.25,-5.12,97.23,102.78,-5.55,2021,1156,Cleveland St,1985,2023,Cleveland State,2021,Cleveland State,71.8
215,Mount St. Mary's,NEC,12,11,63.2,62.2,1.00,-6.67,-12.18,6.51,-5.67,93.15,100.53,-7.39,2021,1291,Mt St Mary's,1989,2023,Mount St. Mary's,2021,Mount St. Mary's,68.91
219,Appalachian State,Sun Belt (East),17,12,70.3,64.1,6.17,-5.72,-5.88,0.04,-5.84,96.75,105.13,-8.38,2021,1111,Appalachian St,1985,2023,Appalachian State,2021,Appalachian State,70.28
225,Texas Southern,SWAC,17,9,73.9,69.5,4.42,-9.03,-1.13,-5.02,-6.15,96.83,104.28,-7.45,2021,1411,TX Southern,1985,2023,Texas Southern,2021,Texas Southern,68.79
226,Norfolk State,MEAC (Northern),17,8,73.6,69.7,3.88,-8.51,-4.55,-1.61,-6.16,96.59,103.45,-6.87,2021,1313,Norfolk St,1998,2023,Norfolk State,2021,Norfolk State,68.29
1,Gonzaga,WCC,28,4,87.2,66.2,20.97,4.50,19.65,5.82,25.46,122.00,87.05,34.95,2022,1211,Gonzaga,1985,2023,Gonzaga,2022,Gonzaga,96.46
2,Arizona,Pac-12,33,4,84.0,68.1,15.92,6.84,17.87,4.88,22.75,119.64,88.31,31.32,2022,1112,Arizona,1985,2023,Arizona,2022,Arizona,90.92
3,Houston,AAC,32,6,74.8,58.8,16.08,6.47,7.94,14.60,22.55,118.72,84.89,33.83,2022,1222,Houston,1985,2023,Houston,2022,Houston,88.72
4,Kansas,Big 12,34,6,78.2,67.3,10.98,11.30,15.30,6.98,22.28,121.11,89.14,31.97,2022,1242,Kansas,1985,2023,Kansas,2022,Kansas,91.27
5,Baylor,Big 12,27,7,77.0,64.1,12.97,8.76,12.12,9.61,21.73,119.06,87.25,31.81,2022,1124,Baylor,1985,2023,Baylor,2022,Baylor,87.66
6,Kentucky,SEC,26,8,79.4,66.6,12.88,8.02,13.50,7.40,20.90,120.81,91.08,29.73,2022,1246,Kentucky,1985,2023,Kentucky,2022,Kentucky,91.22
7,Tennessee,SEC,27,8,73.5,62.9,10.51,9.94,8.22,12.24,20.46,114.15,84.02,30.14,2022,1397,Tennessee,1985,2023,Tennessee,2022,Tennessee,88.87
8,Texas Tech,Big 12,27,10,72.1,60.6,11.43,8.65,6.76,13.32,20.08,113.09,83.50,29.59,2022,1403,Texas Tech,1985,2023,Texas Tech,2022,Texas Tech,88.7
9,Duke,ACC,32,7,80.1,67.8,12.28,7.26,13.21,6.34,19.55,121.25,92.73,28.52,2022,1181,Duke,1985,2023,Duke,2022,Duke,89.28
10,Villanova,Big East,30,8,71.7,62.7,9.03,10.29,5.86,13.45,19.31,119.23,89.91,29.32,2022,1437,Villanova,1985,2023,Villanova,2022,Villanova,90.22
11,UCLA,Pac-12,27,8,75.4,64.5,10.94,8.36,9.42,9.88,19.30,117.30,88.92,28.38,2022,1417,UCLA,1985,2023,UCLA,2022,UCLA,89.83
12,Auburn,SEC,28,6,78.2,67.2,11.03,8.17,12.12,7.09,19.20,113.67,86.39,27.28,2022,1120,Auburn,1985,2023,Auburn,2022,Auburn,89.48
13,Purdue,Big Ten,29,8,79.4,68.4,10.92,8.23,13.35,5.79,19.15,122.65,94.56,28.09,2022,1345,Purdue,1985,2023,Purdue,2022,Purdue,89.1
14,Iowa,Big Ten,26,10,83.2,71.2,12.03,6.87,16.62,2.28,18.90,122.09,95.27,26.82,2022,1234,Iowa,1985,2023,Iowa,2022,Iowa,88.96
15,Louisiana State,SEC,22,12,72.6,63.4,9.15,8.30,6.03,11.42,17.45,109.00,84.25,24.74,2022,1261,LSU,1985,2023,Louisiana State,2022,Louisiana State,85.72
16,Texas,Big 12,22,12,68.8,60.6,8.15,8.87,3.55,13.47,17.01,113.56,87.38,26.18,2022,1400,Texas,1985,2023,Texas,2022,Texas,86.32
17,Illinois,Big Ten,23,10,74.4,67.2,7.21,9.48,8.78,7.91,16.69,114.99,90.38,24.61,2022,1228,Illinois,1985,2023,Illinois,2022,Illinois,86.76
18,Connecticut,Big East,23,10,74.8,65.3,9.52,6.88,8.28,8.12,16.40,115.28,91.83,23.45,2022,1163,Connecticut,1985,2023,Connecticut,2022,Connecticut,86.37
19,Arkansas,SEC,28,9,75.9,68.3,7.65,8.62,10.10,6.17,16.27,111.06,87.82,23.25,2022,1116,Arkansas,1985,2023,Arkansas,2022,Arkansas,86.77
20,North Carolina,ACC,29,10,77.9,71.3,6.62,8.89,12.35,3.15,15.50,114.93,92.16,22.77,2022,1314,North Carolina,1985,2023,North Carolina,2022,North Carolina,83.99
21,Saint Mary's (CA),WCC,26,8,69.7,60.6,9.09,6.58,1.54,13.28,14.82,110.94,88.99,21.96,2022,1388,St Mary's CA,1985,2023,Saint Mary's (CA),2022,Saint Mary's (CA),84.34
22,Memphis,AAC,22,11,75.2,68.3,6.82,7.86,9.28,5.40,14.67,112.07,91.09,20.98,2022,1272,Memphis,1985,2023,Memphis,2022,Memphis,84.91
23,Alabama,SEC,19,14,79.5,76.5,3.03,11.59,14.77,-0.15,14.62,116.63,95.49,21.15,2022,1104,Alabama,1985,2023,Alabama,2022,Alabama,85.15
24,Virginia Tech,ACC,23,13,70.8,62.8,8.00,6.48,4.29,10.19,14.48,115.65,93.66,21.99,2022,1439,Virginia Tech,1985,2023,Virginia Tech,2022,Virginia Tech,84.68
25,Michigan,Big Ten,19,15,72.6,69.4,3.24,11.02,7.43,6.83,14.26,115.09,94.38,20.71,2022,1276,Michigan,1985,2023,Michigan,2022,Michigan,84.73
26,Ohio State,Big Ten,20,12,72.8,67.7,5.09,9.08,7.97,6.20,14.17,117.03,95.82,21.22,2022,1326,Ohio St,1985,2023,Ohio State,2022,Ohio State,84.15
28,San Francisco,WCC,24,10,77.4,67.8,9.59,5.24,8.30,5.82,14.12,111.45,91.31,20.14,2022,1362,San Francisco,1986,2023,San Francisco,2022,San Francisco,81.78
29,TCU,Big 12,21,13,68.5,64.9,3.56,10.16,3.64,10.08,13.72,110.14,89.79,20.35,2022,1395,TCU,1985,2023,TCU,2022,Texas Christian,81.93
30,Loyola (IL),MVC,25,8,72.8,61.5,11.33,2.93,3.45,9.95,13.39,111.00,90.37,20.63,2022,1260,Loyola-Chicago,1985,2023,Loyola (IL),2022,Loyola (IL),83.7
34,Michigan State,Big Ten,23,13,72.3,69.0,3.22,9.96,7.09,6.09,13.18,112.29,93.25,19.04,2022,1277,Michigan St,1985,2023,Michigan State,2022,Michigan State,83.46
35,San Diego State,MWC,23,9,65.4,58.1,7.28,5.85,-0.56,13.69,13.13,103.59,83.85,19.74,2022,1361,San Diego St,1985,2023,San Diego State,2022,San Diego State,83.49
36,Wisconsin,Big Ten,25,8,69.9,66.0,3.97,9.16,4.44,8.70,13.13,110.35,90.75,19.60,2022,1458,Wisconsin,1985,2023,Wisconsin,2022,Wisconsin,84.66
37,Providence,Big East,27,6,71.5,66.2,5.33,7.75,5.62,7.46,13.08,111.44,92.18,19.26,2022,1344,Providence,1985,2023,Providence,2022,Providence,82.72
39,Seton Hall,Big East,21,11,71.9,66.4,5.53,8.52,4.69,8.06,12.75,108.59,90.30,18.29,2022,1371,Seton Hall,1985,2023,Seton Hall,2022,Seton Hall,82.61
40,Indiana,Big Ten,21,14,70.8,66.2,4.63,8.08,4.50,8.21,12.71,108.38,89.54,18.85,2022,1231,Indiana,1985,2023,Indiana,2022,Indiana,83.43
42,Southern California,Pac-12,26,8,72.4,66.0,6.41,6.09,5.39,7.11,12.50,110.83,92.82,18.01,2022,1425,USC,1985,2023,Southern California,2022,Southern California,83.02
43,Iowa State,Big 12,22,13,65.6,62.5,3.06,9.33,0.63,11.75,12.38,104.86,86.28,18.58,2022,1235,Iowa St,1985,2023,Iowa State,2022,Iowa State,80.57
45,Boise State,MWC,27,8,68.3,60.9,7.40,5.22,1.59,10.34,11.93,109.07,91.23,17.84,2022,1129,Boise St,1985,2023,Boise State,2022,Boise State,82.49
47,Notre Dame,ACC,24,11,72.6,67.1,5.46,7.01,5.83,6.04,11.87,113.26,95.32,17.94,2022,1323,Notre Dame,1985,2023,Notre Dame,2022,Notre Dame,82.1
49,Colorado State,MWC,25,6,73.4,66.0,7.35,4.77,6.26,5.25,11.51,114.92,97.57,17.35,2022,1161,Colorado St,1985,2023,Colorado State,2022,Colorado State,81.65
50,Marquette,Big East,19,13,74.0,71.6,2.41,8.96,9.13,2.23,11.36,109.55,92.81,16.74,2022,1266,Marquette,1985,2023,Marquette,2022,Marquette,81.9
51,Creighton,Big East,23,12,69.2,66.4,2.80,8.54,3.22,8.12,11.34,106.69,90.43,16.26,2022,1166,Creighton,1985,2023,Creighton,2022,Creighton,81.49
52,Miami (FL),ACC,26,11,73.9,70.4,3.59,7.62,8.18,3.04,11.22,114.20,97.75,16.45,2022,1274,Miami FL,1986,2023,Miami (FL),2022,Miami (FL),81.13
55,UAB,CUSA (West),27,8,80.3,66.7,13.57,-0.14,9.18,1.72,10.90,111.99,96.36,15.63,2022,1412,UAB,1985,2023,UAB,2022,Alabama-Birmingham,81.17
57,Davidson,A-10,27,7,75.5,66.0,9.50,1.92,6.16,4.27,10.43,116.55,100.50,16.06,2022,1172,Davidson,1985,2023,Davidson,2022,Davidson,81.83
64,Murray State,OVC,31,3,79.1,63.2,15.88,-3.07,4.29,5.57,9.87,110.35,95.14,15.22,2022,1293,Murray St,1985,2023,Murray State,2022,Murray State,81.35
69,Wyoming,MWC,25,9,72.5,65.5,7.03,3.60,4.09,5.27,9.36,109.67,95.24,14.43,2022,1461,Wyoming,1985,2023,Wyoming,2022,Wyoming,78.52
75,Rutgers,Big Ten,18,14,68.5,66.5,1.97,6.81,1.48,7.29,8.78,107.31,94.04,13.28,2022,1353,Rutgers,1985,2023,Rutgers,2022,Rutgers,81.13
82,Vermont,AEC,28,6,74.8,60.7,14.09,-5.70,2.72,5.09,7.81,111.14,98.44,12.70,2022,1436,Vermont,1985,2023,Vermont,2022,Vermont,80.32
88,New Mexico State,WAC,27,7,72.5,64.6,7.85,1.24,1.49,5.62,7.11,106.84,96.13,10.71,2022,1308,New Mexico St,1985,2023,New Mexico State,2022,New Mexico State,77.68
89,Richmond,A-10,24,13,71.0,68.4,2.59,4.48,3.46,3.61,7.07,109.21,98.05,11.16,2022,1350,Richmond,1985,2023,Richmond,2022,Richmond,79.91
92,South Dakota State,Summit,30,5,85.9,73.2,12.69,-3.77,10.64,-4.04,6.60,113.89,104.22,9.67,2022,1355,S Dakota St,2006,2023,South Dakota State,2022,South Dakota State,79.67
100,Chattanooga,Southern,27,8,74.2,64.4,9.80,-0.94,0.43,5.70,6.12,107.50,97.18,10.33,2022,1151,Chattanooga,1985,2023,Chattanooga,2022,Chattanooga,78.7
120,Saint Peter's,MAAC,22,12,67.0,62.5,4.47,-0.47,-4.16,7.12,2.96,98.63,93.36,5.27,2022,1389,St Peter's,1985,2023,Saint Peter's,2022,Saint Peter's,74.17
142,Colgate,Patriot,23,12,75.6,67.1,8.49,-6.37,2.08,-1.10,0.98,106.28,104.07,2.21,2022,1159,Colgate,1985,2023,Colgate,2022,Colgate,76.4
143,Akron,MAC,24,10,70.6,62.6,8.00,-3.93,-4.21,5.12,0.91,104.55,102.28,2.27,2022,1103,Akron,1985,2023,Akron,2022,Akron,76.69
149,Delaware,CAA,22,13,73.4,70.2,3.20,-1.82,1.74,-1.42,0.32,106.06,104.83,1.23,2022,1174,Delaware,1985,2023,Delaware,2022,Delaware,73.57
154,Cal State Fullerton,Big West,21,11,70.0,66.5,3.44,-2.28,-1.36,1.31,-0.04,103.43,102.88,0.55,2022,1168,CS Fullerton,1985,2023,Cal State Fullerton,2022,Cal State Fullerton,71.78
155,Yale,Ivy,19,12,71.8,69.1,2.68,-1.34,-0.58,0.48,-0.10,99.19,98.56,0.63,2022,1463,Yale,1985,2023,Yale,2022,Yale,74.74
157,Jacksonville State,A-Sun (West),21,11,73.5,67.2,6.31,-3.79,-1.49,1.30,-0.19,104.31,103.34,0.97,2022,1240,Jacksonville St,1996,2023,Jacksonville State,2022,Jacksonville State,73.15
158,Montana State,Big Sky,27,8,76.5,69.3,7.26,-5.54,0.46,-0.72,-0.26,101.85,101.59,0.26,2022,1286,Montana St,1985,2023,Montana State,2022,Montana State,74.3
160,Longwood,Big South (North),26,7,75.7,65.8,9.97,-6.11,0.13,-0.49,-0.35,104.96,104.28,0.68,2022,1255,Longwood,2005,2023,Longwood,2022,Longwood,73.42
171,Georgia State,Sun Belt,18,11,70.7,65.7,4.93,-1.34,-1.23,0.12,-1.11,100.16,100.73,-0.57,2022,1209,Georgia St,1985,2023,Georgia State,2022,Georgia State,73.46
186,Wright State,Horizon,22,14,75.8,71.8,4.00,-5.11,2.42,-4.36,-1.94,103.80,106.19,-2.39,2022,1460,Wright St,1988,2023,Wright State,2022,Wright State,74.25
202,Texas Southern,SWAC,19,13,69.0,66.1,2.94,-6.24,-4.03,0.73,-3.30,95.39,99.48,-4.10,2022,1411,TX Southern,1985,2023,Texas Southern,2022,Texas Southern,71.14
215,Norfolk State,MEAC,24,7,74.3,64.4,9.84,-9.30,-3.35,-0.57,-3.91,99.11,103.75,-4.64,2022,1313,Norfolk St,1998,2023,Norfolk State,2022,Norfolk State,71.39
227,Bryant,NEC,22,10,78.0,73.4,4.66,-7.41,4.16,-8.95,-4.80,100.04,106.29,-6.24,2022,1136,Bryant,2009,2023,Bryant,2022,Bryant,71.55
254,Texas A&M-Corpus Christi,Southland,23,12,76.6,70.1,6.51,-9.10,-3.43,-3.35,-6.78,95.16,103.93,-8.77,2022,1394,TAM C. Christi,2003,2023,Texas A&M-Corpus Christi,2022,Texas A&M-Corpus Christi,67.3
